time_sec,motion_pixels,motion_area_percent,dominant_freq
0.33,3743,1.22,0.0
0.4,2967,0.97,0.0
0.4,2344,0.76,0.0
0.42,2156,0.7,0.0
0.47,2555,0.83,0.0
0.51,2047,0.67,0.0
0.54,1478,0.48,0.0
0.57,1079,0.35,0.0
0.6,720,0.23,0.0
0.63,445,0.14,0.0
0.66,231,0.08,0.0
0.69,124,0.04,0.0
0.73,67,0.02,0.0
0.76,21,0.01,0.0
0.79,53,0.02,0.0
0.82,62,0.02,0.0
0.87,89,0.03,0.0
0.9,108,0.04,0.0
0.94,66,0.02,0.0
0.97,0,0.0,0.0
1.0,0,0.0,0.0
1.03,0,0.0,0.0
1.06,0,0.0,0.0
1.1,0,0.0,0.0
1.13,168,0.05,0.0
1.16,283,0.09,0.0
1.19,349,0.11,0.0
1.22,354,0.12,0.0
1.27,346,0.11,0.0
1.31,324,0.11,0.0
1.34,180,0.06,0.0
1.37,61,0.02,0.0
1.4,0,0.0,0.0
1.43,0,0.0,0.0
1.46,0,0.0,0.0
1.5,0,0.0,0.0
1.53,0,0.0,0.0
1.56,0,0.0,0.0
1.59,19,0.01,0.0
1.62,0,0.0,0.0
1.66,0,0.0,0.0
1.7,0,0.0,0.0
1.74,0,0.0,0.0
1.77,0,0.0,0.0
1.8,0,0.0,0.0
1.83,0,0.0,0.0
1.86,0,0.0,0.0
1.89,0,0.0,0.0
1.93,0,0.0,0.0
1.96,0,0.0,0.0
1.99,0,0.0,0.0
2.02,0,0.0,0.0
2.06,0,0.0,0.0
2.11,0,0.0,0.0
2.14,0,0.0,0.0
2.17,0,0.0,0.0
2.2,0,0.0,0.0
2.23,0,0.0,0.0
2.27,0,0.0,0.0
2.29,0,0.0,0.0
2.33,0,0.0,0.0
2.36,0,0.0,0.0
2.39,0,0.0,0.0
2.42,0,0.0,0.0
2.46,0,0.0,0.0
2.5,0,0.0,0.0
2.54,0,0.0,0.0
2.57,0,0.0,0.0
2.6,112,0.04,0.0
2.63,439,0.14,0.0
2.66,718,0.23,0.0
2.7,982,0.32,0.0
2.73,872,0.28,0.0
2.76,813,0.26,0.0
2.79,1263,0.41,0.2
2.82,732,0.24,0.2
2.85,308,0.1,0.2
2.91,243,0.08,0.2
2.94,147,0.05,0.2
2.97,90,0.03,0.2
3.0,57,0.02,0.2
3.03,379,0.12,0.2
3.07,923,0.3,0.2
3.09,1194,0.39,0.2
3.13,1161,0.38,0.2
3.16,1799,0.59,0.2
3.19,3801,1.24,0.2
3.23,4795,1.56,0.2
3.26,5391,1.75,0.2
3.3,5413,1.76,0.2
3.34,5726,1.86,0.2
3.37,5530,1.8,0.2
3.4,7017,2.28,0.2
3.43,8561,2.79,0.2
3.46,8086,2.63,0.2
3.5,8052,2.62,0.2
3.53,7650,2.49,0.2
3.56,7205,2.35,0.2
3.59,5521,1.8,0.2
3.62,5433,1.77,0.2
3.66,6548,2.13,0.2
3.71,8919,2.9,0.2
3.74,12583,4.1,0.2
3.77,16485,5.37,0.2
3.8,21336,6.95,0.2
3.83,22260,7.25,0.2
3.86,24010,7.82,0.2
3.9,25870,8.42,0.2
3.93,25147,8.19,0.2
3.96,21716,7.07,0.2
3.99,18755,6.11,0.2
4.02,17282,5.63,0.2
4.06,18078,5.88,0.2
4.11,21398,6.97,0.2
4.14,18668,6.08,0.2
4.17,14893,4.85,0.2
4.2,9478,3.09,0.2
4.23,6442,2.1,0.2
4.26,6547,2.13,0.2
4.3,8379,2.73,0.2
4.33,10090,3.28,0.2
4.36,12677,4.13,0.2
4.39,14543,4.73,0.2
4.43,13627,4.44,0.2
4.46,12036,3.92,0.2
4.51,12358,4.02,0.2
4.54,16682,5.43,0.2
4.57,21206,6.9,0.2
4.6,26310,8.56,0.2
4.63,18130,5.9,0.2
4.66,23261,7.57,0.2
4.7,17989,5.86,0.2
4.72,9494,3.09,0.2
4.76,22287,7.25,0.2
4.79,30053,9.78,0.2
4.82,20118,6.55,0.2
4.85,20989,6.83,0.2
4.9,26069,8.49,0.2
4.94,26337,8.57,0.2
4.97,28997,9.44,0.2
5.0,30601,9.96,0.2
5.03,28305,9.21,0.2
5.06,30636,9.97,0.2
5.1,35867,11.68,0.2
5.13,37687,12.27,0.2
5.16,54172,17.63,0.4
5.19,68028,22.14,0.4
5.22,72805,23.7,0.4
5.25,67964,22.12,0.4
5.31,62841,20.46,0.4
5.34,63433,20.65,0.4
5.37,66437,21.63,0.4
5.4,46227,15.05,0.4
5.43,40379,13.14,0.4
5.46,37134,12.09,0.4
5.5,32442,10.56,0.4
5.53,34887,11.36,0.4
5.56,34089,11.1,0.4
5.59,32105,10.45,0.2
5.62,31377,10.21,0.2
5.66,30912,10.06,0.2
5.71,31662,10.31,0.2
5.74,33535,10.92,0.2
5.77,35134,11.44,0.2
5.8,33373,10.86,0.2
5.83,34361,11.19,0.2
5.86,36031,11.73,0.2
5.9,32692,10.64,0.2
5.93,28390,9.24,0.2
5.96,21314,6.94,0.2
5.99,15623,5.09,0.2
6.03,10309,3.36,0.2
6.06,4408,1.43,0.2
6.11,2828,0.92,0.2
6.14,2202,0.72,0.2
6.17,4129,1.34,0.2
6.2,4675,1.52,0.2
6.23,8913,2.9,0.2
6.26,15771,5.13,0.2
6.3,16130,5.25,0.2
6.33,15837,5.16,0.2
6.36,15357,5.0,0.2
6.39,14596,4.75,0.2
6.42,15008,4.89,0.2
6.46,15473,5.04,0.2
6.5,14344,4.67,0.2
6.54,11811,3.84,0.2
6.57,11058,3.6,0.2
6.6,10375,3.38,0.2
6.63,9707,3.16,0.2
6.66,15287,4.98,0.2
6.7,10460,3.4,0.2
6.73,4670,1.52,0.2
6.76,3793,1.23,0.2
6.79,10361,3.37,0.2
6.82,7478,2.43,0.2
6.86,7181,2.34,0.2
6.91,11559,3.76,0.2
6.94,21920,7.14,0.2
6.97,30055,9.78,0.2
7.0,30126,9.81,0.2
7.03,29420,9.58,0.2
7.06,28012,9.12,0.2
7.1,19141,6.23,0.2
7.13,10833,3.53,0.2
7.16,3804,1.24,0.2
7.19,4176,1.36,0.2
7.22,21394,6.96,0.2
7.26,43789,14.25,0.2
7.31,64909,21.13,0.2
7.34,75748,24.66,0.2
7.37,80319,26.15,0.2
7.4,76632,24.95,0.2
7.43,66508,21.65,0.2
7.47,60158,19.58,0.2
7.5,54605,17.78,0.2
7.53,55302,18.0,0.2
7.56,53582,17.44,0.2
7.59,49704,16.18,0.2
7.63,43279,14.09,0.2
7.65,28505,9.28,0.2
7.71,9172,2.99,0.2
7.74,1710,0.56,0.2
7.77,10837,3.53,0.2
7.8,16327,5.31,0.2
7.83,18707,6.09,0.2
7.87,21370,6.96,0.2
7.9,23971,7.8,0.2
7.93,32529,10.59,0.2
7.96,40747,13.26,0.2
7.99,37393,12.17,0.2
8.03,24830,8.08,0.2
8.06,10973,3.57,0.2
8.1,14105,4.59,0.2
8.14,23072,7.51,0.2
8.17,28568,9.3,0.2
8.2,23135,7.53,0.2
8.23,20096,6.54,0.2
8.27,20190,6.57,0.2
8.29,13288,4.33,0.2
8.33,20167,6.56,0.2
8.36,16737,5.45,0.2
8.39,3078,1.0,0.2
8.42,1844,0.6,0.2
8.46,4706,1.53,0.2
8.5,8805,2.87,0.2
8.54,13482,4.39,0.2
8.57,13393,4.36,0.2
8.6,12353,4.02,0.2
8.63,12898,4.2,0.2
8.66,13736,4.47,0.2
8.7,2668,0.87,0.2
8.73,26512,8.63,0.2
8.76,45804,14.91,0.2
8.79,39296,12.79,0.2
8.82,21900,7.13,0.2
8.86,11083,3.61,0.2
8.9,21273,6.92,0.2
8.94,26221,8.54,0.2
8.97,9443,3.07,0.2
9.0,8705,2.83,0.2
9.03,8842,2.88,0.2
9.06,3654,1.19,0.2
9.1,10947,3.56,0.2
9.13,6176,2.01,0.2
9.16,15245,4.96,0.2
9.19,26471,8.62,0.2
9.22,23881,7.77,0.2
9.26,17920,5.83,0.2
9.31,30175,9.82,0.2
9.33,30787,10.02,0.2
9.37,26508,8.63,0.2
9.4,32450,10.56,0.2
9.43,32579,10.61,0.2
9.47,33945,11.05,0.2
9.5,35380,11.52,0.2
9.53,34380,11.19,0.2
9.56,28632,9.32,0.2
9.59,22648,7.37,0.2
9.62,21255,6.92,0.2
9.66,14282,4.65,0.2
9.7,3459,1.13,0.2
9.74,3562,1.16,0.2
9.77,13557,4.41,0.2
9.8,9082,2.96,0.8
9.83,8630,2.81,0.8
9.87,13001,4.23,0.8
9.9,20139,6.56,0.8
9.92,32991,10.74,0.8
9.96,35131,11.44,0.8
9.99,31426,10.23,0.8
10.03,28822,9.38,0.8
10.06,32021,10.42,0.8
10.11,38772,12.62,0.8
10.13,55464,18.05,0.8
10.17,68307,22.24,0.8
10.2,62534,20.36,0.8
10.23,56510,18.4,0.8
10.27,37139,12.09,0.8
10.3,12716,4.14,0.8
10.33,3706,1.21,0.8
10.36,3482,1.13,0.8
10.39,22653,7.37,0.8
10.42,37750,12.29,0.8
10.46,45981,14.97,0.8
10.51,59375,19.33,0.8
10.54,61261,19.94,0.8
10.57,58654,19.09,0.8
10.6,65675,21.38,0.8
10.63,70280,22.88,0.8
10.66,61282,19.95,0.8
10.7,42971,13.99,0.8
10.73,34331,11.18,0.8
10.76,27771,9.04,0.8
10.79,20240,6.59,0.8
10.82,18639,6.07,0.8
10.85,19672,6.4,0.8
10.89,19812,6.45,0.8
10.93,15333,4.99,0.8
10.97,13369,4.35,0.8
11.0,11458,3.73,0.8
11.03,7912,2.58,0.8
11.06,3254,1.06,0.8
11.09,269,0.09,0.8
11.13,163,0.05,0.8
11.16,135,0.04,0.8
11.19,0,0.0,0.8
11.22,585,0.19,0.8
11.26,6590,2.15,0.2
11.29,9598,3.12,0.2
11.34,3246,1.06,0.2
11.37,828,0.27,0.2
11.4,4971,1.62,0.2
11.43,3208,1.04,0.2
11.46,4326,1.41,0.2
11.5,13310,4.33,0.2
11.53,24811,8.08,0.2
11.57,15867,5.17,0.2
11.59,1925,0.63,0.2
11.63,1440,0.47,0.2
11.66,704,0.23,0.2
11.69,832,0.27,0.2
11.74,1309,0.43,0.2
11.77,31,0.01,0.2
11.8,0,0.0,0.2
11.83,0,0.0,0.2
11.86,78,0.03,0.2
11.89,2,0.0,0.2
11.93,1859,0.61,0.2
11.96,3365,1.1,0.2
11.99,1259,0.41,0.2
12.02,2232,0.73,0.2
12.06,2670,0.87,0.2
12.09,1281,0.42,0.2
12.14,745,0.24,0.2
12.17,30,0.01,0.2
12.2,0,0.0,0.2
12.23,1239,0.4,0.2
12.26,4185,1.36,0.2
12.3,5835,1.9,0.2
12.33,1977,0.64,0.2
12.36,337,0.11,0.2
12.39,145,0.05,0.2
12.44,424,0.14,0.2
12.47,10073,3.28,0.2
12.5,9431,3.07,0.2
12.54,5771,1.88,0.2
12.57,9231,3.0,0.2
12.6,31641,10.3,0.2
12.63,35647,11.6,0.2
12.67,41078,13.37,0.2
12.7,50733,16.51,0.2
12.73,50859,16.56,0.2
12.76,38164,12.42,0.2
12.79,30987,10.09,0.2
12.84,29795,9.7,0.2
12.87,32395,10.55,0.2
12.9,30561,9.95,0.2
12.94,15653,5.1,0.2
12.97,14928,4.86,0.2
13.0,2919,0.95,0.2
13.03,5330,1.74,0.2
13.07,9228,3.0,0.2
13.1,13365,4.35,0.2
13.13,16254,5.29,0.2
13.16,27668,9.01,0.2
13.19,34565,11.25,0.2
13.24,22267,7.25,0.2
13.27,3746,1.22,0.2
13.31,6667,2.17,0.2
13.34,15006,4.88,0.2
13.37,31517,10.26,0.2
13.4,39794,12.95,0.2
13.43,40719,13.25,0.2
13.47,46479,15.13,0.2
13.5,50282,16.37,0.2
13.53,52818,17.19,0.2
13.56,53182,17.31,0.2
13.59,51284,16.69,0.2
13.64,39222,12.77,0.2
13.67,22195,7.22,0.2
13.7,14095,4.59,0.2
13.74,7459,2.43,0.2
13.77,3486,1.13,0.2
13.8,0,0.0,0.2
13.83,501,0.16,0.2
13.86,0,0.0,0.2
13.9,6981,2.27,0.2
13.93,19284,6.28,0.2
13.96,27276,8.88,0.2
13.99,32214,10.49,0.2
14.05,33416,10.88,0.2
14.07,29521,9.61,0.2
14.1,25814,8.4,0.2
14.14,20605,6.71,0.2
14.17,18099,5.89,0.2
14.2,10959,3.57,0.2
14.23,877,0.29,0.2
14.27,664,0.22,0.2
14.29,0,0.0,0.2
14.33,17,0.01,0.2
14.36,4271,1.39,0.2
14.39,4770,1.55,0.2
14.44,4463,1.45,0.2
14.47,5218,1.7,0.2
14.5,3839,1.25,0.2
14.54,1351,0.44,0.2
14.57,6464,2.1,0.2
14.6,11925,3.88,0.2
14.63,10913,3.55,0.2
14.66,7061,2.3,0.2
14.7,4258,1.39,0.2
14.73,2264,0.74,0.2
14.76,1317,0.43,0.2
14.79,1671,0.54,0.2
14.84,691,0.22,0.2
14.87,1928,0.63,0.2
14.9,729,0.24,0.2
14.93,442,0.14,0.2
14.97,853,0.28,0.2
15.0,2659,0.87,0.2
15.03,3040,0.99,0.2
15.04,0,0.0,0.2
15.06,716,0.23,0.2
15.15,750,0.24,0.2
15.18,121,0.04,0.2
15.21,751,0.24,0.2
15.21,0,0.0,0.2
15.24,1942,0.63,0.2
15.29,861,0.28,0.2
15.32,0,0.0,0.2
15.35,0,0.0,0.2
15.38,740,0.24,0.2
15.42,3370,1.1,0.2
15.45,1110,0.36,0.2
15.5,85,0.03,0.2
15.53,398,0.13,0.2
15.56,575,0.19,0.2
15.59,130,0.04,0.2
15.63,1570,0.51,0.2
15.67,1910,0.62,0.2
15.7,1332,0.43,0.2
15.74,1849,0.6,0.2
15.77,3524,1.15,0.2
15.8,5103,1.66,0.2
15.83,773,0.25,0.2
15.86,3187,1.04,0.2
15.9,2126,0.69,0.2
15.93,1317,0.43,0.2
15.96,182,0.06,0.2
15.99,1850,0.6,0.2
16.04,5472,1.78,0.2
16.07,4969,1.62,0.2
16.11,2161,0.7,0.2
16.14,27,0.01,0.2
16.17,0,0.0,0.2
16.2,1162,0.38,0.2
16.23,148,0.05,0.2
16.26,0,0.0,0.2
16.3,0,0.0,0.2
16.33,1278,0.42,0.2
16.36,93,0.03,0.2
16.4,0,0.0,0.2
16.44,0,0.0,0.2
16.47,609,0.2,0.2
16.5,6049,1.97,0.2
16.54,18711,6.09,0.2
16.57,32957,10.73,0.2
16.6,34299,11.17,0.2
16.64,33821,11.01,0.2
16.66,35547,11.57,0.2
16.7,32273,10.51,0.2
16.73,25016,8.14,0.2
16.76,19170,6.24,0.2
16.79,8164,2.66,0.2
16.84,1270,0.41,0.2
16.87,2092,0.68,0.2
16.9,3969,1.29,0.2
16.93,10518,3.42,0.2
16.94,0,0.0,0.2
16.97,9360,3.05,0.2
17.02,1234,0.4,0.2
17.05,276,0.09,0.2
17.08,1182,0.38,0.2
17.11,296,0.1,0.2
17.15,2021,0.66,0.2
17.19,3000,0.98,0.2
17.23,4879,1.59,0.2
17.26,7093,2.31,0.2
17.29,861,0.28,0.2
17.32,1607,0.52,0.2
17.35,439,0.14,0.2
17.4,403,0.13,0.2
17.43,1522,0.5,0.2
17.47,2758,0.9,0.2
17.5,1539,0.5,0.2
17.53,1128,0.37,0.2
17.56,3271,1.06,0.2
17.61,12271,3.99,0.2
17.64,7617,2.48,0.2
17.67,5423,1.77,0.2
17.7,7100,2.31,0.2
17.74,7109,2.31,0.6
17.77,8784,2.86,0.6
17.8,7805,2.54,0.4
17.83,1096,0.36,0.4
17.86,1431,0.47,0.4
17.87,0,0.0,0.4
17.93,39698,12.92,0.4
17.96,17776,5.79,0.4
18.01,12761,4.15,0.4
18.04,9932,3.23,0.4
18.07,12196,3.97,0.4
18.11,12467,4.06,0.4
18.13,9498,3.09,0.4
18.16,9994,3.25,0.4
18.2,3450,1.12,0.4
18.23,3251,1.06,0.4
18.27,7838,2.55,0.4
18.27,0,0.0,0.4
18.33,35664,11.61,0.4
18.36,1757,0.57,0.4
18.39,4978,1.62,0.4
18.44,1817,0.59,0.4
18.47,6937,2.26,0.4
18.5,12627,4.11,0.4
18.54,23888,7.78,0.4
18.57,32756,10.66,0.4
18.6,28629,9.32,0.8
18.63,15633,5.09,0.8
18.67,2387,0.78,0.8
18.67,0,0.0,0.8
18.73,13047,4.25,0.8
18.78,6109,1.99,0.8
18.81,6802,2.21,0.8
18.84,8692,2.83,0.8
18.87,7032,2.29,0.8
18.9,7830,2.55,0.8
18.94,11355,3.7,0.8
18.97,737,0.24,0.8
18.97,0,0.0,0.8
19.0,0,0.0,0.8
19.03,0,0.0,0.8
19.08,1569,0.51,1.6
19.15,58487,19.04,1.6
19.17,38139,12.42,1.6
19.21,40537,13.2,1.6
19.24,33969,11.06,1.6
19.27,26064,8.48,1.6
19.28,0,0.0,1.6
19.3,21762,7.08,0.8
19.34,11680,3.8,0.8
19.39,7279,2.37,0.8
19.42,6756,2.2,0.8
19.45,2730,0.89,0.8
19.48,2336,0.76,0.8
19.54,5444,1.77,0.8
19.58,2155,0.7,0.8
19.58,0,0.0,0.8
19.61,363,0.12,0.8
19.64,2,0.0,0.8
19.69,2251,0.73,0.8
19.72,3940,1.28,0.8
19.75,4020,1.31,0.8
19.78,2704,0.88,0.8
19.82,5642,1.84,0.8
19.85,7220,2.35,0.8
19.88,1088,0.35,0.8
19.91,0,0.0,0.8
19.94,58,0.02,0.8
19.97,598,0.19,0.8
20.02,271,0.09,0.8
20.06,124,0.04,0.8
20.09,735,0.24,0.8
20.12,9295,3.03,0.8
20.15,18223,5.93,0.8
20.18,5401,1.76,0.8
20.22,6049,1.97,0.8
20.25,6871,2.24,0.8
20.28,499,0.16,0.8
20.33,3081,1.0,0.8
20.36,443,0.14,0.8
20.39,496,0.16,0.8
20.42,5269,1.72,0.8
20.46,14420,4.69,0.8
20.49,38310,12.47,0.8
20.52,38646,12.58,0.8
20.55,21489,7.0,0.8
20.58,10656,3.47,0.8
20.63,9285,3.02,0.8
20.66,9407,3.06,0.8
20.7,1871,0.61,0.8
20.73,2647,0.86,0.8
20.76,2818,0.92,0.8
20.79,4916,1.6,0.8
20.82,3727,1.21,0.8
20.86,0,0.0,0.8
20.89,104,0.03,0.8
20.94,749,0.24,0.8
20.97,7605,2.48,0.8
21.0,1463,0.48,0.8
21.03,176,0.06,0.8
21.06,0,0.0,0.4
21.1,3445,1.12,0.4
21.13,2333,0.76,0.4
21.16,459,0.15,0.4
21.19,563,0.18,0.4
21.24,293,0.1,0.4
21.27,2031,0.66,0.4
21.3,4676,1.52,0.4
21.34,5728,1.86,0.4
21.37,950,0.31,0.4
21.4,876,0.29,0.4
21.43,1146,0.37,0.4
21.44,0,0.0,0.4
21.46,96,0.03,0.4
21.55,17156,5.58,0.4
21.58,9200,2.99,0.4
21.61,11786,3.84,0.4
21.64,13915,4.53,0.4
21.67,10193,3.32,0.4
21.71,2578,0.84,0.4
21.73,477,0.16,0.4
21.77,657,0.21,0.4
21.78,0,0.0,0.4
21.8,3972,1.29,1.4
21.83,4143,1.35,1.4
21.88,242,0.08,1.4
21.94,7701,2.51,1.4
21.98,3277,1.07,1.4
22.01,92091,29.98,1.4
22.04,191776,62.43,1.4
22.07,1553,0.51,1.4
22.08,0,0.0,1.4
22.1,2695,0.88,1.4
22.14,4741,1.54,1.4
22.18,4752,1.55,1.4
22.22,3960,1.29,1.4
22.25,22131,7.2,1.4
22.28,37960,12.36,1.4
22.35,240661,78.34,1.4
22.38,25728,8.38,1.4
22.38,0,0.0,1.4
22.41,20202,6.58,1.4
22.44,31094,10.12,1.4
22.49,17822,5.8,1.4
22.52,22986,7.48,1.4
22.55,37318,12.15,0.2
22.58,41739,13.59,0.2
22.62,47854,15.58,0.2
22.65,48331,15.73,0.2
22.68,24419,7.95,0.2
22.71,2696,0.88,0.2
22.74,3747,1.22,0.2
22.79,12915,4.2,0.2
22.82,25501,8.3,0.2
22.85,34536,11.24,0.2
22.89,40326,13.13,0.2
22.92,38331,12.48,0.2
22.95,35220,11.46,0.2
22.98,41511,13.51,0.2
23.02,50004,16.28,0.2
23.05,59900,19.5,0.2
23.1,61951,20.17,0.2
23.13,56128,18.27,0.2
23.16,47120,15.34,0.2
23.19,34525,11.24,0.2
23.22,30388,9.89,0.2
23.25,19300,6.28,0.2
23.29,16779,5.46,0.2
23.32,16598,5.4,0.2
23.35,18072,5.88,0.2
23.38,15634,5.09,0.2
23.43,17612,5.73,0.2
23.46,11165,3.63,0.2
23.5,13036,4.24,0.2
23.53,13296,4.33,0.2
23.56,11526,3.75,0.2
23.59,30665,9.98,0.2
23.62,42042,13.69,0.2
23.66,19151,6.23,0.2
23.69,28962,9.43,0.2
23.74,21937,7.14,1.8
23.77,20447,6.66,1.8
23.8,26633,8.67,1.8
23.83,36583,11.91,1.8
23.86,19754,6.43,1.4
23.9,30454,9.91,1.6
23.93,25843,8.41,1.6
23.96,15557,5.06,1.6
23.99,24319,7.92,1.8
24.04,34726,11.3,1.8
24.07,17057,5.55,1.8
24.1,28086,9.14,1.8
24.14,28023,9.12,1.8
24.17,15909,5.18,1.8
24.2,21685,7.06,1.8
24.23,25430,8.28,1.8
24.24,0,0.0,1.8
24.26,9478,3.09,1.8
24.34,55244,17.98,1.8
24.38,9456,3.08,1.8
24.41,19199,6.25,1.8
24.44,17605,5.73,1.8
24.47,11679,3.8,1.8
24.5,85354,27.78,1.8
24.54,126993,41.34,1.8
24.54,0,0.0,1.8
24.56,0,0.0,1.8
24.6,673,0.22,1.8
24.65,0,0.0,1.8
24.68,0,0.0,1.8
24.75,0,0.0,1.8
24.78,0,0.0,1.8
24.81,0,0.0,1.8
24.84,10,0.0,0.8
24.84,0,0.0,0.8
24.87,0,0.0,0.8
24.9,718,0.23,0.8
24.95,504,0.16,0.4
24.99,738,0.24,0.4
25.01,1235,0.4,0.4
25.05,886,0.29,0.4
25.08,292,0.1,0.4
25.14,11970,3.9,0.4
25.17,3511,1.14,0.4
25.18,0,0.0,0.4
25.21,5757,1.87,0.4
25.24,5308,1.73,0.4
25.29,2521,0.82,0.4
25.32,10189,3.32,0.4
25.35,1732,0.56,0.4
25.38,5740,1.87,0.4
25.42,6714,2.19,0.4
25.45,5192,1.69,0.4
25.48,1854,0.6,0.4
25.51,4739,1.54,0.2
25.54,1254,0.41,0.2
25.6,5697,1.85,0.2
25.62,5144,1.67,0.2
25.66,3515,1.14,0.2
25.69,2355,0.77,0.2
25.72,3914,1.27,0.2
25.75,746,0.24,0.2
25.78,2305,0.75,0.2
25.82,2240,0.73,0.2
25.85,287,0.09,0.2
25.9,225,0.07,0.2
25.93,213,0.07,0.2
25.96,8,0.0,0.2
25.99,53,0.02,0.2
26.02,50,0.02,0.2
26.06,172,0.06,0.2
26.09,166,0.05,0.2
26.12,381,0.12,0.2
26.15,119,0.04,0.2
26.2,83,0.03,0.2
26.23,10,0.0,0.2
26.26,284,0.09,0.2
26.29,0,0.0,0.2
26.33,0,0.0,0.2
26.36,286,0.09,0.2
26.39,2,0.0,0.2
26.43,3297,1.07,0.2
26.46,1322,0.43,0.2
26.51,263,0.09,0.2
26.54,56,0.02,0.2
26.57,871,0.28,0.2
26.6,70,0.02,0.4
26.63,940,0.31,0.4
26.66,1873,0.61,0.4
26.7,72,0.02,0.4
26.73,298,0.1,0.4
26.76,857,0.28,0.4
26.79,4618,1.5,0.4
26.84,3317,1.08,0.6
26.87,542,0.18,0.6
26.9,1366,0.44,0.6
26.94,7166,2.33,0.6
26.94,0,0.0,0.6
26.96,11221,3.65,5.0
27.02,16931,5.51,0.4
27.04,16258,5.29,0.4
27.08,16199,5.27,0.6
27.11,14279,4.65,0.6
27.16,5292,1.72,0.6
27.19,3773,1.23,0.6
27.22,6823,2.22,0.6
27.25,7691,2.5,0.6
27.29,13734,4.47,0.2
27.34,11287,3.67,0.2
27.37,3619,1.18,0.2
27.4,2216,0.72,0.2
27.43,3053,0.99,0.2
27.44,0,0.0,0.2
27.46,2028,0.66,0.2
27.54,9329,3.04,0.2
27.58,2932,0.95,0.2
27.61,3245,1.06,0.2
27.64,5110,1.66,0.2
27.65,0,0.0,0.2
27.69,12126,3.95,0.2
27.72,16350,5.32,0.2
27.75,16569,5.39,0.2
27.79,17586,5.72,0.2
27.82,12759,4.15,0.2
27.84,2463,0.8,0.2
27.9,17177,5.59,0.2
27.93,13962,4.54,0.2
27.96,18828,6.13,0.2
27.99,23094,7.52,0.2
28.02,22484,7.32,0.2
28.07,10276,3.35,0.2
28.11,21905,7.13,0.2
28.13,12183,3.97,0.2
28.17,18983,6.18,0.2
28.2,24340,7.92,0.2
28.23,22530,7.33,0.2
28.26,7040,2.29,0.2
28.29,17929,5.84,0.2
28.33,11589,3.77,0.2
28.36,23142,7.53,0.2
28.39,27514,8.96,0.2
28.43,26788,8.72,0.2
28.47,12652,4.12,0.2
28.5,30553,9.95,0.2
28.54,22295,7.26,0.2
28.57,30260,9.85,0.2
28.6,25955,8.45,0.2
28.63,23772,7.74,0.2
28.67,7105,2.31,0.2
28.69,12711,4.14,0.2
28.73,1518,0.49,0.2
28.76,3667,1.19,0.2
28.79,5596,1.82,0.2
28.82,1866,0.61,0.2
28.85,993,0.32,0.2
28.91,3162,1.03,0.2
28.94,9607,3.13,0.2
28.97,4231,1.38,0.2
29.0,24990,8.13,0.2
29.03,29313,9.54,0.2
29.06,28279,9.21,0.2
29.1,15233,4.96,0.2
29.13,32220,10.49,0.2
29.16,24381,7.94,0.2
29.19,26112,8.5,0.8
29.23,26436,8.61,0.8
29.26,27251,8.87,0.8
29.3,10167,3.31,0.8
29.34,22250,7.24,0.8
29.37,9778,3.18,0.8
29.4,6964,2.27,0.8
29.43,3327,1.08,0.8
29.46,4690,1.53,0.8
29.5,1849,0.6,0.8
29.53,19609,6.38,0.8
29.56,15278,4.97,0.8
29.59,28617,9.32,0.8
29.63,30027,9.77,0.8
29.66,13943,4.54,0.8
29.7,30632,9.97,0.8
29.74,18309,5.96,0.8
29.77,33276,10.83,0.8
29.8,28141,9.16,0.8
29.83,4776,1.55,0.8
29.86,8431,2.74,0.8
29.9,12777,4.16,0.8
29.93,2068,0.67,0.8
29.96,15592,5.08,0.8
29.99,15500,5.05,0.8
30.02,4729,1.54,0.8
30.06,11812,3.85,0.8
30.1,11596,3.77,0.8
30.14,7255,2.36,0.8
30.17,21334,6.94,0.8
30.2,23370,7.61,0.8
30.23,9220,3.0,0.8
30.26,21927,7.14,0.8
30.29,20412,6.64,0.8
30.33,17258,5.62,0.8
30.36,20130,6.55,0.8
30.39,24825,8.08,0.8
30.42,11329,3.69,0.8
30.46,22919,7.46,0.8
30.51,14628,4.76,0.8
30.54,5797,1.89,0.8
30.57,6051,1.97,0.8
30.6,7150,2.33,0.8
30.63,3179,1.03,0.8
30.66,11547,3.76,0.8
30.7,17972,5.85,0.8
30.73,11757,3.83,0.8
30.76,20744,6.75,0.8
30.79,16755,5.45,0.8
30.82,6838,2.23,0.8
30.85,19702,6.41,0.8
30.9,18272,5.95,0.8
30.94,8498,2.77,0.8
30.97,14541,4.73,0.8
31.0,28276,9.2,0.8
31.03,38211,12.44,0.8
31.07,13725,4.47,0.8
31.09,47592,15.49,0.8
31.13,46362,15.09,0.8
31.16,27735,9.03,0.8
31.19,26593,8.66,0.8
31.23,26064,8.48,0.8
31.26,6368,2.07,0.8
31.3,18592,6.05,0.8
31.34,17024,5.54,0.8
31.37,12688,4.13,0.8
31.4,18607,6.06,0.8
31.43,16282,5.3,0.8
31.46,1889,0.61,0.8
31.5,9731,3.17,0.8
31.53,4666,1.52,0.8
31.56,8789,2.86,0.8
31.59,7582,2.47,0.8
31.63,7054,2.3,0.8
31.66,3943,1.28,0.6
31.71,15601,5.08,0.6
31.74,10318,3.36,0.6
31.77,10683,3.48,0.4
31.8,9362,3.05,0.4
31.83,7046,2.29,0.4
31.86,1644,0.54,0.4
31.9,8014,2.61,0.4
31.93,6494,2.11,0.4
31.96,17959,5.85,0.4
31.99,17277,5.62,0.6
32.02,19571,6.37,0.6
32.06,7573,2.47,0.6
32.1,19745,6.43,0.4
32.14,11999,3.91,0.4
32.17,17441,5.68,0.4
32.2,18706,6.09,0.6
32.23,17141,5.58,0.6
32.27,5183,1.69,0.6
32.29,17566,5.72,0.6
32.33,13512,4.4,0.6
32.36,15557,5.06,0.6
32.39,17719,5.77,0.6
32.42,14580,4.75,0.4
32.46,2675,0.87,0.6
32.51,10608,3.45,0.6
32.54,5379,1.75,0.6
32.57,26729,8.7,0.6
32.6,220328,71.72,0.4
32.63,31315,10.19,0.4
32.66,2379,0.77,0.4
32.7,12194,3.97,0.4
32.73,4009,1.31,0.4
32.76,7991,2.6,0.4
32.79,8747,2.85,1.6
32.82,9068,2.95,1.6
32.86,3808,1.24,0.4
32.9,8368,2.72,0.4
32.94,6073,1.98,0.4
32.97,11315,3.68,0.4
33.0,11563,3.76,0.4
33.03,4064,1.32,0.4
33.06,12391,4.03,0.4
33.09,9202,3.0,0.4
33.13,4357,1.42,0.4
33.16,6280,2.04,0.4
33.19,5935,1.93,0.4
33.22,1290,0.42,0.4
33.26,6675,2.17,0.4
33.31,6585,2.14,0.4
33.34,2884,0.94,0.4
33.37,4427,1.44,0.4
33.4,7256,2.36,0.4
33.43,4403,1.43,0.4
33.46,10166,3.31,0.4
33.49,10734,3.49,0.4
33.53,3988,1.3,0.4
33.56,2882,0.94,0.4
33.59,8562,2.79,0.4
33.62,12350,4.02,0.4
33.65,17183,5.59,0.4
33.7,15722,5.12,0.4
33.74,7039,2.29,2.4
33.77,9797,3.19,2.4
33.8,11189,3.64,2.4
33.83,5988,1.95,2.4
33.86,11477,3.74,2.4
33.9,6985,2.27,2.4
33.93,15027,4.89,2.4
33.96,19718,6.42,1.8
33.99,10645,3.47,1.8
34.02,8273,2.69,1.8
34.06,22439,7.3,2.4
34.11,22096,7.19,2.4
34.13,12610,4.1,2.4
34.17,24066,7.83,1.0
34.2,28603,9.31,1.0
34.23,17948,5.84,1.0
34.27,13873,4.52,1.0
34.29,7209,2.35,1.0
34.33,2829,0.92,1.0
34.36,4064,1.32,1.0
34.39,3991,1.3,1.0
34.42,1902,0.62,1.0
34.46,4450,1.45,1.0
34.5,4350,1.42,1.0
34.54,2117,0.69,0.4
34.57,3933,1.28,0.4
34.6,4158,1.35,0.4
34.63,1849,0.6,0.4
34.67,3370,1.1,0.4
34.7,8435,2.75,0.4
34.73,6641,2.16,0.4
34.76,10804,3.52,0.4
34.79,27449,8.94,0.4
34.82,32774,10.67,0.4
34.85,21712,7.07,0.4
34.91,15586,5.07,0.4
34.93,5061,1.65,0.4
34.97,7156,2.33,0.4
35.0,5576,1.82,0.4
35.03,449,0.15,0.4
35.07,7341,2.39,0.4
35.1,7387,2.4,0.8
35.13,1323,0.43,0.8
35.16,1970,0.64,0.8
35.19,2824,0.92,0.8
35.22,1239,0.4,0.8
35.26,2831,0.92,0.8
35.3,894,0.29,0.8
35.34,11731,3.82,0.8
35.37,15767,5.13,0.8
35.4,14569,4.74,0.8
35.43,3321,1.08,0.8
35.46,4755,1.55,0.8
35.5,2954,0.96,0.8
35.53,3355,1.09,0.8
35.56,2041,0.66,0.8
35.59,2026,0.66,0.8
35.62,128968,41.98,0.6
35.65,171597,55.86,0.6
35.71,4572,1.49,0.6
35.74,28196,9.18,0.6
35.77,32708,10.65,0.6
35.8,46714,15.21,0.6
35.83,64535,21.01,0.6
35.87,16008,5.21,0.6
35.9,35840,11.67,0.6
35.93,20113,6.55,0.6
35.96,31306,10.19,0.6
35.99,38917,12.67,0.6
36.02,37031,12.05,0.2
36.06,14372,4.68,0.2
36.1,10822,3.52,0.2
36.14,431,0.14,0.2
36.17,5963,1.94,0.6
36.2,10041,3.27,0.6
36.23,4184,1.36,0.6
36.26,20364,6.63,0.6
36.3,10004,3.26,0.6
36.33,21898,7.13,0.6
36.36,32412,10.55,0.6
36.39,51236,16.68,0.6
36.42,29674,9.66,0.6
36.46,55844,18.18,0.6
36.51,35057,11.41,0.6
36.54,39835,12.97,0.6
36.57,24294,7.91,0.6
36.6,14809,4.82,0.6
36.63,10585,3.45,0.6
36.66,35950,11.7,0.6
36.69,18648,6.07,0.6
36.73,34564,11.25,0.6
36.76,48545,15.8,0.6
36.79,49399,16.08,0.6
36.82,20555,6.69,0.6
36.85,45379,14.77,0.6
36.9,42115,13.71,0.6
36.94,28494,9.28,0.6
36.97,30576,9.95,0.6
37.0,32368,10.54,0.4
37.03,6560,2.14,0.4
37.06,16732,5.45,0.4
37.1,6220,2.02,0.4
37.13,6572,2.14,0.4
37.16,10568,3.44,0.4
37.19,14854,4.84,0.4
37.22,1478,0.48,0.4
37.26,12654,4.12,0.4
37.31,17568,5.72,0.4
37.34,18704,6.09,0.4
37.37,38863,12.65,0.4
37.4,43331,14.11,0.4
37.43,24339,7.92,0.6
37.46,63354,20.62,0.6
37.5,72891,23.73,0.6
37.53,45627,14.85,0.6
37.56,43714,14.23,0.6
37.59,29118,9.48,0.6
37.62,9991,3.25,0.6
37.65,11560,3.76,0.6
37.7,12896,4.2,0.6
37.73,9415,3.06,0.6
37.77,12091,3.94,0.6
37.8,7613,2.48,0.6
37.83,8367,2.72,0.6
37.86,29582,9.63,0.6
37.89,50672,16.49,0.6
37.93,42052,13.69,0.6
37.96,58141,18.93,0.6
37.99,44837,14.6,0.6
38.03,22796,7.42,0.6
38.06,44015,14.33,0.6
38.11,42563,13.86,0.6
38.14,25587,8.33,0.6
38.17,25723,8.37,1.0
38.2,13638,4.44,1.0
38.23,9661,3.14,1.0
38.27,13376,4.35,1.0
38.3,8672,2.82,1.0
38.33,8546,2.78,1.0
38.36,6104,1.99,1.0
38.39,3424,1.11,1.0
38.42,2166,0.71,1.0
38.46,18460,6.01,1.0
38.51,16823,5.48,1.0
38.54,18270,5.95,1.0
38.57,16950,5.52,1.0
38.6,13332,4.34,1.0
38.63,3402,1.11,1.0
38.66,20857,6.79,1.0
38.7,13852,4.51,1.0
38.73,33266,10.83,0.8
38.76,42328,13.78,0.8
38.79,38988,12.69,0.8
38.82,26223,8.54,0.8
38.85,52711,17.16,0.8
38.89,23639,7.69,0.8
38.94,32975,10.73,0.8
38.97,22272,7.25,0.8
39.0,7683,2.5,0.8
39.03,670,0.22,0.8
39.07,8831,2.87,0.8
39.09,4714,1.53,0.8
39.13,39627,12.9,0.8
39.16,56132,18.27,0.8
39.19,52165,16.98,0.8
39.22,28383,9.24,0.8
39.26,91966,29.94,0.8
39.29,97999,31.9,0.8
39.34,4302,1.4,0.8
39.37,973,0.32,0.8
39.4,15475,5.04,0.8
39.43,5625,1.83,0.8
39.46,22585,7.35,0.8
39.5,3021,0.98,0.8
39.53,13669,4.45,0.8
39.56,14295,4.65,0.8
39.59,14094,4.59,0.8
39.63,10680,3.48,0.8
39.65,15671,5.1,0.8
39.69,5468,1.78,0.8
39.74,3976,1.29,0.8
39.77,442,0.14,0.8
39.8,3290,1.07,0.8
39.83,3682,1.2,0.8
39.86,8628,2.81,0.8
39.9,2886,0.94,1.2
39.93,9716,3.16,1.2
39.96,11579,3.77,1.2
39.99,14183,4.62,1.2
40.02,7518,2.45,0.4
40.05,11543,3.76,0.4
40.09,5719,1.86,0.4
40.14,10207,3.32,0.4
40.17,3129,1.02,0.4
40.2,630,0.21,0.4
40.23,0,0.0,0.4
40.26,1944,0.63,0.4
40.29,738,0.24,0.4
40.33,2590,0.84,0.4
40.36,447,0.15,1.2
40.39,6,0.0,1.2
40.43,859,0.28,1.2
40.45,2574,0.84,0.2
40.49,870,0.28,0.2
40.54,6687,2.18,0.2
40.57,8368,2.72,0.2
40.61,8541,2.78,0.2
40.63,12624,4.11,0.2
40.67,16780,5.46,0.2
40.7,5822,1.9,0.2
40.73,11768,3.83,0.2
40.76,4979,1.62,0.2
40.79,763,0.25,0.2
40.82,294,0.1,0.2
40.86,302,0.1,0.2
40.89,0,0.0,0.2
40.94,1367,0.44,0.2
40.97,1837,0.6,0.2
41.0,7105,2.31,0.2
41.03,13159,4.28,0.2
41.06,10289,3.35,0.2
41.1,1018,0.33,0.2
41.13,11096,3.61,0.2
41.16,11577,3.77,0.2
41.19,9635,3.14,0.2
41.22,12161,3.96,0.2
41.26,13766,4.48,0.2
41.29,3798,1.24,0.2
41.34,11593,3.77,0.2
41.37,10889,3.54,0.2
41.4,8560,2.79,0.2
41.43,9509,3.1,0.2
41.46,3034,0.99,0.2
41.49,607,0.2,0.2
41.53,2118,0.69,0.2
41.56,3125,1.02,0.2
41.6,3496,1.14,0.2
41.62,5860,1.91,0.2
41.66,177451,57.76,0.2
41.68,175316,57.07,0.2
41.74,49480,16.11,0.2
41.77,34720,11.3,0.2
41.8,12701,4.13,0.2
41.83,7463,2.43,0.2
41.86,19058,6.2,0.2
41.9,261,0.08,0.2
41.93,2045,0.67,0.2
41.96,7159,2.33,0.2
41.99,9943,3.24,0.2
42.03,10771,3.51,0.2
42.06,10703,3.48,0.2
42.09,2393,0.78,0.2
42.14,10570,3.44,0.2
42.17,6156,2.0,0.2
42.2,8159,2.66,0.2
42.23,14922,4.86,0.2
42.26,10782,3.51,0.2
42.29,420,0.14,0.2
42.33,7555,2.46,0.2
42.36,11761,3.83,0.2
42.39,893,0.29,0.2
42.42,402,0.13,0.2
42.46,1551,0.5,0.2
42.49,2305,0.75,0.2
42.54,21109,6.87,0.2
42.57,67887,22.1,1.0
42.6,40127,13.06,1.0
42.64,17964,5.85,1.0
42.66,16580,5.4,1.0
42.69,7532,2.45,1.0
42.73,29998,9.76,1.0
42.76,35323,11.5,1.0
42.79,9879,3.22,1.0
42.82,15560,5.07,1.0
42.85,16546,5.39,1.0
42.89,1813,0.59,1.0
42.94,14168,4.61,1.0
42.97,11997,3.91,1.0
43.0,2808,0.91,1.0
43.03,679,0.22,1.0
43.06,0,0.0,1.0
43.09,0,0.0,1.0
43.13,336,0.11,1.0
43.16,11383,3.71,1.0
43.19,6412,2.09,1.0
43.23,8178,2.66,1.0
43.25,9617,3.13,1.0
43.28,942,0.31,1.0
43.34,2739,0.89,1.0
43.37,684,0.22,1.0
43.4,1087,0.35,1.0
43.43,3684,1.2,1.0
43.47,9714,3.16,1.0
43.5,70,0.02,1.0
43.53,23288,7.58,1.0
43.56,12003,3.91,1.0
43.59,3594,1.17,1.0
43.62,2070,0.67,1.0
43.66,115,0.04,0.6
43.69,0,0.0,0.6
43.74,1582,0.51,0.6
43.77,6060,1.97,0.6
43.8,3287,1.07,0.6
43.83,2572,0.84,0.6
43.86,2996,0.98,0.6
43.9,30,0.01,0.6
43.93,4098,1.33,0.6
43.96,18410,5.99,0.6
43.99,4276,1.39,0.6
44.03,10715,3.49,0.6
44.05,17443,5.68,0.6
44.09,4857,1.58,0.6
44.14,35305,11.49,0.6
44.16,45858,14.93,0.6
44.2,10867,3.54,0.6
44.24,8332,2.71,0.6
44.26,5684,1.85,0.4
44.3,1614,0.53,0.4
44.33,16653,5.42,0.4
44.36,57174,18.61,5.0
44.39,9437,3.07,0.6
44.42,10472,3.41,0.6
44.46,6348,2.07,0.6
44.49,427,0.14,0.6
44.54,127,0.04,0.6
44.57,439,0.14,0.6
44.6,1397,0.45,0.6
44.63,3792,1.23,0.6
44.66,3834,1.25,0.6
44.7,755,0.25,0.6
44.73,2084,0.68,0.6
44.76,1396,0.45,0.6
44.79,0,0.0,0.6
44.82,451,0.15,0.6
44.86,1104,0.36,0.6
44.89,0,0.0,0.6
44.94,3523,1.15,0.6
44.97,8171,2.66,0.6
45.0,964,0.31,0.6
45.04,2136,0.7,0.6
45.06,1458,0.47,0.4
45.09,0,0.0,0.4
45.13,37661,12.26,0.4
45.16,232952,75.83,0.6
45.19,4791,1.56,0.6
45.23,506,0.16,0.6
45.26,17519,5.7,0.6
45.29,11774,3.83,0.6
45.34,3831,1.25,0.6
45.37,2825,0.92,0.6
45.4,57,0.02,0.6
45.44,10,0.0,0.6
45.46,0,0.0,0.6
45.5,0,0.0,0.6
45.53,0,0.0,0.6
45.56,0,0.0,0.6
45.59,0,0.0,0.6
45.62,0,0.0,0.6
45.66,0,0.0,0.6
45.69,0,0.0,0.6
45.74,0,0.0,0.6
45.77,0,0.0,0.6
45.8,0,0.0,0.6
45.83,0,0.0,0.6
45.86,0,0.0,0.6
45.9,0,0.0,0.6
45.93,0,0.0,0.6
45.96,0,0.0,0.6
45.99,0,0.0,0.6
46.02,0,0.0,0.6
46.06,532,0.17,0.4
46.09,710,0.23,0.4
46.14,1594,0.52,0.4
46.17,1930,0.63,0.4
46.2,114,0.04,0.4
46.23,1706,0.56,0.4
46.26,1902,0.62,0.4
46.3,622,0.2,0.6
46.33,279,0.09,0.6
46.36,0,0.0,0.6
46.39,6,0.0,0.6
46.43,0,0.0,0.6
46.45,0,0.0,0.6
46.49,0,0.0,0.6
46.54,0,0.0,0.6
46.57,0,0.0,0.6
46.6,0,0.0,0.6
46.63,0,0.0,0.6
46.67,0,0.0,0.6
46.7,0,0.0,0.6
46.73,0,0.0,0.6
46.76,0,0.0,0.6
46.79,0,0.0,0.6
46.82,0,0.0,0.6
46.85,0,0.0,0.2
46.89,0,0.0,0.2
46.94,0,0.0,0.2
46.97,0,0.0,0.2
47.0,0,0.0,0.2
47.03,0,0.0,0.2
47.07,0,0.0,0.2
47.1,0,0.0,0.2
47.13,0,0.0,0.2
47.16,0,0.0,0.2
47.19,0,0.0,0.2
47.22,0,0.0,0.2
47.26,0,0.0,0.2
47.29,0,0.0,0.2
47.33,0,0.0,0.4
47.37,0,0.0,0.4
47.4,0,0.0,0.4
47.43,0,0.0,0.4
47.47,0,0.0,0.4
47.5,38,0.01,0.4
47.53,334,0.11,0.4
47.56,873,0.28,0.4
47.59,0,0.0,0.4
47.62,115,0.04,0.4
47.66,57,0.02,0.6
47.69,646,0.21,0.6
47.74,993,0.32,0.6
47.77,1335,0.43,0.6
47.8,252,0.08,0.6
47.83,3740,1.22,0.6
47.86,5882,1.91,0.6
47.9,6153,2.0,0.6
47.93,10111,3.29,0.6
47.96,8684,2.83,0.6
47.99,6849,2.23,0.6
48.02,10503,3.42,0.2
48.06,5280,1.72,0.2
48.09,1203,0.39,0.2
48.14,4470,1.46,0.2
48.17,2104,0.68,0.2
48.2,249,0.08,0.2
48.23,1294,0.42,0.2
48.27,522,0.17,0.2
48.3,3,0.0,0.2
48.33,923,0.3,0.2
48.36,135,0.04,0.2
48.39,226,0.07,0.2
48.42,364,0.12,0.2
48.46,543,0.18,0.2
48.49,0,0.0,0.2
48.54,654,0.21,0.2
48.57,1292,0.42,0.2
48.6,528,0.17,0.2
48.63,4268,1.39,0.2
48.66,5411,1.76,0.2
48.7,1835,0.6,0.2
48.73,7980,2.6,0.2
48.76,8434,2.75,0.6
48.79,2223,0.72,0.6
48.82,9692,3.15,0.6
48.85,4051,1.32,0.6
48.89,10481,3.41,0.6
48.94,8947,2.91,0.6
48.97,6586,2.14,0.6
49.0,1663,0.54,0.6
49.03,6043,1.97,0.6
49.06,6588,2.14,0.6
49.1,6111,1.99,0.6
49.13,8356,2.72,0.6
49.16,6469,2.11,0.4
49.19,3200,1.04,0.4
49.22,529,0.17,0.4
49.26,1681,0.55,0.4
49.29,257,0.08,0.4
49.32,4,0.0,0.4
49.37,0,0.0,0.4
49.4,0,0.0,0.4
49.43,0,0.0,0.4
49.46,28,0.01,0.4
49.5,34,0.01,0.4
49.53,970,0.32,0.4
49.56,321,0.1,0.4
49.59,0,0.0,0.4
49.62,24,0.01,0.4
49.66,0,0.0,0.4
49.69,68,0.02,0.4
49.72,5,0.0,0.4
49.77,0,0.0,0.4
49.8,0,0.0,0.4
49.83,0,0.0,0.4
49.86,0,0.0,0.4
49.9,581,0.19,0.4
49.93,0,0.0,0.4
49.96,0,0.0,0.4
49.99,0,0.0,0.4
50.03,0,0.0,0.4
50.05,0,0.0,0.4
50.09,0,0.0,0.4
50.12,0,0.0,0.4
50.17,0,0.0,0.4
50.2,0,0.0,0.4
50.23,0,0.0,0.4
50.27,0,0.0,0.4
50.3,0,0.0,0.4
50.33,0,0.0,0.4
50.36,0,0.0,0.4
50.39,0,0.0,0.2
50.42,0,0.0,0.2
50.46,0,0.0,0.2
50.49,0,0.0,0.2
50.52,0,0.0,0.2
50.57,0,0.0,0.2
50.6,0,0.0,0.2
50.63,0,0.0,0.2
50.66,0,0.0,0.2
50.7,0,0.0,0.2
50.73,0,0.0,0.2
50.76,0,0.0,0.2
50.79,0,0.0,0.2
50.82,0,0.0,0.2
50.85,0,0.0,0.2
50.89,0,0.0,0.2
50.92,0,0.0,0.2
50.97,0,0.0,0.2
51.0,0,0.0,0.2
51.03,0,0.0,0.2
51.07,0,0.0,0.2
51.1,0,0.0,0.2
51.13,0,0.0,0.2
51.16,0,0.0,0.2
51.19,0,0.0,0.2
51.22,0,0.0,0.2
51.26,0,0.0,0.2
51.29,0,0.0,0.2
51.32,0,0.0,0.2
51.37,0,0.0,0.2
51.4,0,0.0,0.2
51.43,42,0.01,0.2
51.46,0,0.0,0.2
51.49,1510,0.49,0.2
51.53,129,0.04,0.2
51.56,0,0.0,0.2
51.59,171,0.06,0.2
51.62,24,0.01,0.2
51.65,0,0.0,0.2
51.69,381,0.12,0.2
51.72,0,0.0,0.2
51.77,0,0.0,2.8
51.8,15,0.0,2.8
51.83,0,0.0,2.8
51.86,0,0.0,2.8
51.9,1676,0.55,0.2
51.93,0,0.0,0.2
51.96,0,0.0,0.2
51.99,0,0.0,0.2
52.02,0,0.0,5.0
52.06,0,0.0,5.0
52.09,0,0.0,5.0
52.12,0,0.0,5.0
52.17,0,0.0,5.0
52.2,0,0.0,5.0
52.23,0,0.0,5.0
52.26,0,0.0,5.0
52.3,0,0.0,5.0
52.33,0,0.0,5.0
52.36,0,0.0,5.0
52.39,0,0.0,5.0
52.43,0,0.0,5.0
52.46,0,0.0,5.0
52.49,0,0.0,5.0
52.52,0,0.0,5.0
52.57,0,0.0,5.0
52.6,0,0.0,5.0
52.63,0,0.0,5.0
52.66,0,0.0,5.0
52.69,0,0.0,5.0
52.73,0,0.0,5.0
52.76,0,0.0,5.0
52.79,0,0.0,5.0
52.82,0,0.0,5.0
52.86,0,0.0,5.0
52.89,0,0.0,5.0
52.92,0,0.0,5.0
52.97,0,0.0,5.0
53.0,0,0.0,5.0
53.03,0,0.0,5.0
53.06,0,0.0,5.0
53.1,0,0.0,5.0
53.13,0,0.0,5.0
53.16,0,0.0,5.0
53.19,0,0.0,5.0
53.23,0,0.0,5.0
53.26,0,0.0,5.0
53.29,0,0.0,5.0
53.33,0,0.0,5.0
53.37,0,0.0,5.0
53.4,0,0.0,5.0
53.43,0,0.0,5.0
53.46,0,0.0,5.0
53.47,0,0.0,5.0
53.54,0,0.0,5.0
53.58,0,0.0,5.0
53.61,0,0.0,5.0
53.64,0,0.0,5.0
53.65,0,0.0,5.0
53.67,0,0.0,5.0
53.72,0,0.0,5.0
53.75,0,0.0,5.0
53.78,0,0.0,5.0
53.82,0,0.0,5.0
53.85,0,0.0,5.0
53.88,0,0.0,5.0
53.95,0,0.0,5.0
53.98,0,0.0,5.0
53.98,0,0.0,0.2
54.01,0,0.0,5.0
54.04,0,0.0,5.0
54.07,0,0.0,5.0
54.12,0,0.0,5.0
54.15,0,0.0,5.0
54.18,0,0.0,5.0
54.22,28,0.01,0.2
54.25,62,0.02,0.2
54.28,55,0.02,0.2
54.35,2761,0.9,0.2
54.38,0,0.0,0.2
54.38,0,0.0,0.2
54.41,0,0.0,0.2
54.44,0,0.0,0.2
54.47,0,0.0,0.2
54.52,0,0.0,0.2
54.55,0,0.0,0.2
54.58,12,0.0,0.2
54.62,0,0.0,0.2
54.65,197,0.06,0.2
54.68,1,0.0,0.2
54.75,720,0.23,1.2
54.78,0,0.0,1.2
54.79,0,0.0,1.2
54.81,0,0.0,1.2
54.84,406,0.13,7.4
54.89,1018,0.33,2.6
54.92,331,0.11,2.6
54.95,0,0.0,2.6
54.98,0,0.0,2.6
55.02,645,0.21,0.2
55.06,1126,0.37,2.8
55.09,1417,0.46,2.6
55.13,18740,6.1,0.6
55.16,7328,2.39,0.6
55.19,19693,6.41,0.2
55.22,16324,5.31,0.2
55.26,28837,9.39,0.2
55.29,45632,14.85,0.2
55.32,57800,18.82,0.2
55.35,67340,21.92,0.2
55.38,72400,23.57,0.2
55.43,73116,23.8,0.2
55.46,71298,23.21,0.2
55.49,80411,26.18,0.2
55.53,72858,23.72,0.2
55.56,64522,21.0,0.2
55.59,67217,21.88,0.2
55.62,43648,14.21,0.2
55.66,46302,15.07,0.2
55.69,73533,23.94,0.2
55.72,62921,20.48,0.2
55.76,62493,20.34,0.2
55.78,59401,19.34,0.2
55.83,104588,34.05,0.2
55.86,76884,25.03,0.2
55.9,61020,19.86,0.2
55.93,60533,19.7,0.2
55.96,76676,24.96,0.2
55.99,87630,28.53,0.2
56.03,91665,29.84,0.2
56.06,92597,30.14,0.2
56.09,94883,30.89,0.2
56.12,84985,27.66,0.2
56.15,61578,20.04,0.2
56.18,59761,19.45,0.2
56.23,55043,17.92,0.2
56.26,45367,14.77,0.2
56.29,24900,8.11,0.2
56.33,7658,2.49,0.2
56.36,607,0.2,0.2
56.39,19,0.01,0.2
56.42,44,0.01,0.2
56.46,1466,0.48,0.2
56.49,2351,0.77,0.2
56.52,0,0.0,0.2
56.55,0,0.0,0.2
56.58,0,0.0,0.2
56.63,0,0.0,0.2
56.67,0,0.0,0.2
56.7,62,0.02,0.2
56.73,319,0.1,0.2
56.76,574,0.19,0.2
56.8,799,0.26,0.2
56.82,1664,0.54,0.2
56.85,450,0.15,0.2
56.89,1511,0.49,0.2
56.92,2677,0.87,0.2
56.95,1522,0.5,0.2
56.98,8824,2.87,0.2
57.03,9807,3.19,0.2
57.06,13464,4.38,0.2
57.1,15529,5.06,0.2
57.13,16946,5.52,0.2
57.16,21688,7.06,0.2
57.19,18835,6.13,0.2
57.23,22487,7.32,0.2
57.25,22592,7.35,0.2
57.29,23439,7.63,0.2
57.32,25953,8.45,0.2
57.35,26396,8.59,0.2
57.39,26128,8.51,0.2
57.43,27691,9.01,0.2
57.46,26936,8.77,0.2
57.5,25521,8.31,0.2
57.53,25572,8.32,0.2
57.56,25550,8.32,0.2
57.59,24625,8.02,0.2
57.62,21494,7.0,0.2
57.66,18703,6.09,0.2
57.69,17809,5.8,0.2
57.72,16318,5.31,0.2
57.75,13385,4.36,0.2
57.78,12908,4.2,0.2
57.83,13654,4.44,0.2
57.86,15638,5.09,0.2
57.89,15954,5.19,0.2
57.93,12019,3.91,0.2
57.96,10230,3.33,0.2
57.99,16203,5.27,0.2
58.03,21494,7.0,0.2
58.06,20377,6.63,0.2
58.09,15279,4.97,0.2
58.12,10933,3.56,0.4
58.15,4561,1.48,0.4
58.18,3004,0.98,0.4
58.23,1545,0.5,0.4
58.26,688,0.22,0.4
58.3,341,0.11,0.4
58.33,85,0.03,0.4
58.36,0,0.0,0.4
58.39,0,0.0,0.4
58.42,19,0.01,0.4
58.46,0,0.0,0.4
58.49,0,0.0,0.4
58.52,0,0.0,0.4
58.55,0,0.0,0.4
58.59,1,0.0,0.4
58.63,3,0.0,0.4
58.66,0,0.0,0.4
58.7,0,0.0,0.2
58.73,1,0.0,0.2
58.76,0,0.0,0.2
58.79,0,0.0,0.2
58.82,0,0.0,0.2
58.85,0,0.0,0.2
58.89,0,0.0,0.2
58.92,0,0.0,0.2
58.95,0,0.0,0.2
58.98,0,0.0,0.2
59.03,0,0.0,0.2
59.06,0,0.0,0.2
59.09,0,0.0,0.2
59.13,0,0.0,0.2
59.16,0,0.0,0.2
59.19,0,0.0,0.2
59.22,0,0.0,0.2
59.25,0,0.0,0.2
59.29,0,0.0,0.2
59.32,0,0.0,0.2
59.35,0,0.0,0.2
59.38,0,0.0,0.2
59.43,0,0.0,0.2
59.46,0,0.0,0.2
59.49,0,0.0,0.2
59.53,0,0.0,0.2
59.56,0,0.0,0.2
59.59,0,0.0,0.2
59.62,0,0.0,0.2
59.65,0,0.0,0.2
59.68,0,0.0,0.2
59.72,0,0.0,0.2
59.75,0,0.0,0.2
59.78,0,0.0,0.2
59.81,0,0.0,0.2
59.86,0,0.0,0.2
59.89,0,0.0,0.2
59.92,0,0.0,0.2
59.96,0,0.0,0.2
59.99,0,0.0,0.2
60.02,0,0.0,0.2
60.05,0,0.0,0.2
60.09,0,0.0,0.2
60.12,0,0.0,0.2
60.15,0,0.0,0.2
60.18,0,0.0,0.2
60.21,0,0.0,0.2
60.27,0,0.0,0.2
60.29,0,0.0,0.2
60.32,0,0.0,0.2
60.36,0,0.0,0.2
60.39,0,0.0,0.2
60.42,0,0.0,0.2
60.45,0,0.0,0.2
60.49,0,0.0,0.2
60.52,0,0.0,0.2
60.55,0,0.0,0.2
60.58,0,0.0,0.2
60.61,0,0.0,0.2
60.66,0,0.0,0.2
60.69,0,0.0,0.2
60.72,0,0.0,0.2
60.76,0,0.0,0.2
60.8,0,0.0,5.0
60.83,0,0.0,0.2
60.86,0,0.0,0.2
60.89,0,0.0,0.2
60.92,0,0.0,0.2
60.95,0,0.0,0.2
60.98,0,0.0,0.2
61.01,0,0.0,0.2
61.08,0,0.0,0.2
61.11,0,0.0,5.0
61.14,0,0.0,5.0
61.17,0,0.0,3.8
61.2,0,0.0,1.0
61.23,0,0.0,0.2
61.27,10,0.0,1.6
61.3,41,0.01,0.2
61.33,93,0.03,0.2
61.36,97,0.03,0.2
61.39,40,0.01,0.2
61.42,11,0.0,0.2
61.47,1,0.0,0.2
61.5,6,0.0,0.2
61.53,1,0.0,0.2
61.56,6,0.0,0.2
61.61,0,0.0,0.2
61.62,0,0.0,0.2
61.67,0,0.0,0.2
